Neuroscience,Neuroscience,Neuroscience
Pathology-and-Laboratory-Medicine,and+Laboratory+Medicine,Pathology and Laboratory Medicine
Pharmacology,Pharmacology,Pharmacology
Philosophy,Philosophy,Philosophy
Physics,Physics,Physics
Physiology,Physiology,Physiology
Political-Science-and-International-Relations,Science+and+International+Relations,Political Science and International Relations
Population-Health,Health,Population Health
Professional-Economics,Economics,Professional Economics
Psychological-Science,Science,Psychological Science
Psychology-double-major,(double+major),Psychology (double major)
Psychology-in-Society,in+Society,Psychology in Society
Human-Resource-Management,Resource+Management,Human Resource Management
Human-Geography-and-Planning,Geography+and+Planning,Human Geography and Planning
History-of-Art,of+Art,History of Art
Accounting,Accounting,Accounting
Agricultural-Science,Science,Agricultural Science
Anatomy-and-Human-Biology,and+Human+Biology,Anatomy and Human Biology
Anthropology-and-Sociology,and+Sociology,Anthropology and Sociology
Archaeology,Archaeology,Archaeology
Architecture,Architecture,Architecture
Asian-Studies,Studies,Asian Studies
Biochemistry-and-Molecular-Biology,and+Molecular+Biology,Biochemistry and Molecular Biology
Botany,Botany,Botany
Business-Law,Law,Business Law
Chemistry,Chemistry,Chemistry
Chinese,Chinese,Chinese
Classics-and-Ancient-History,and+Ancient+History,Classics and Ancient History
Communication-and-Media-Studies,and+Media+Studies,Communication and Media Studies
Quantitative-Methods,Methods,Quantitative Methods
Computer-Science,Science,Computer Science
Data-Science,Science,Data Science
Economics,Economics,Economics
Engineering-Science,Science,Engineering Science
English-and-Cultural-Studies,and+Cultural+Studies,English and Cultural Studies
Environmental-Science,Science,Environmental Science
Exercise-and-Health,and+Health,Exercise and Health
Finance,Finance,Finance
Fine-Arts,Arts,Fine Arts
French-Studies,Studies,French Studies
Genetics,Genetics,Genetics
Geographical-Sciences,Sciences,Geographical Sciences
Geology,Geology,Geology
German-Studies,Studies,German Studies
History,History,History
Conservation-Biology,Biology,Conservation Biology
Graduate-Diploma-in-Education,Diploma+in+Education,Graduate Diploma in Education
Science-Communication,Communication,Science Communication
Work-and-Employment-Relations,and+Employment+Relations,Work and Employment Relations
Graduate-Certificate-in-Forensic-Anthropology,Certificate+in+Forensic+Anthropology,Graduate Certificate in Forensic Anthropology
Graduate-Certificate-in-Health-Professions-Education,Certificate+in+Health+Professions+Education,Graduate Certificate in Health Professions Education
Graduate-Certificate-in-Heritage-Studies,Certificate+in+Heritage+Studies,Graduate Certificate in Heritage Studies
Graduate-Certificate-in-Human-Resources-and-Employment-Relations,Certificate+in+Human+Resources+and+Employment+Relations,Graduate Certificate in Human Resources and Employment Relations
Graduate-Certificate-in-International-Relations,Certificate+in+International+Relations,Graduate Certificate in International Relations
Graduate-Certificate-in-Leadership,Certificate+in+Leadership,Graduate Certificate in Leadership
Graduate-Certificate-in-Marketing,Certificate+in+Marketing,Graduate Certificate in Marketing
Integrated-Design,Design,Integrated Design
Italian-Studies,Studies,Italian Studies
Japanese,Japanese,Japanese
Korean-Studies,Studies,Korean Studies
Landscape-Architecture,Architecture,Landscape Architecture
Law-and-Society,and+Society,Law and Society
Linguistics,Linguistics,Linguistics
Management,Management,Management
Marine-Science,Science,Marine Science
Marketing,Marketing,Marketing
Mathematics-and-Statistics,and+Statistics,Mathematics and Statistics
Medical-Sciences,Sciences,Medical Sciences
Microbiology-and-Immunology,and+Immunology,Microbiology and Immunology
Music-Specialist-Studies,Specialist+Studies,Music Specialist Studies
Music-Studies,Studies,Music Studies
Natural-Resource-Management,Resource+Management,Natural Resource Management
Aboriginal-Health-and-Wellbeing,Health+and+Wellbeing,Aboriginal Health and Wellbeing
Juris-Doctor,Doctor,Juris Doctor
Master-of-Agricultural-Science,of+Agricultural+Science,Master of Agricultural Science
Master-of-Agricultural-Science-Agricultural-Economics,of+Agricultural+Science:+Agricultural+Economics,Master of Agricultural Science: Agricultural Economics
Master-of-Agricultural-Science-Genetics-and-Breeding,of+Agricultural+Science:+Genetics+and+Breeding,Master of Agricultural Science: Genetics and Breeding
Master-of-Agricultural-Science-Soil-Science-and-Plant-Nutrition,of+Agricultural+Science:+Soil+Science+and+Plant+Nutrition,Master of Agricultural Science: Soil Science and Plant Nutrition
Master-of-Anatomical-Sciences---Coursework-and-Dissertation,of+Anatomical+Sciences+-+Coursework+and+Dissertation,Master of Anatomical Sciences - Coursework and Dissertation
Master-of-Applied-Finance---Coursework,of+Applied+Finance+-+Coursework,Master of Applied Finance - Coursework
Master-of-Architecture---Coursework,of+Architecture+-+Coursework,Master of Architecture - Coursework
Master-of-Asian-Studies,of+Asian+Studies,Master of Asian Studies
Graduate-Certificate-in-Mental-Health-Practice,Certificate+in+Mental+Health+Practice,Graduate Certificate in Mental Health Practice
Graduate-Certificate-in-Paediatric-Respiratory-Science,Certificate+in+Paediatric+Respiratory+Science,Graduate Certificate in Paediatric Respiratory Science
Graduate-Certificate-in-Paediatric-Sleep-Science,Certificate+in+Paediatric+Sleep+Science,Graduate Certificate in Paediatric Sleep Science
Graduate-Certificate-in-Population-Health-Studies,Certificate+in+Population+Health+Studies,Graduate Certificate in Population Health Studies
Graduate-Certificate-in-Rural-and-Remote-Medicine,Certificate+in+Rural+and+Remote+Medicine,Graduate Certificate in Rural and Remote Medicine
Graduate-Certificate-in-Scientific-and-High-Performance-Computing,Certificate+in+Scientific+and+High+Performance+Computing,Graduate Certificate in Scientific and High Performance Computing
Graduate-Certificate-in-Social-Impact,Certificate+in+Social+Impact,Graduate Certificate in Social Impact
Graduate-Certificate-in-Social-Policy-Practice,Certificate+in+Social+Policy+Practice,Graduate Certificate in Social Policy Practice
Graduate-Certificate-in-Social-Research-Methods,Certificate+in+Social+Research+Methods,Graduate Certificate in Social Research Methods
Graduate-Certificate-in-Strategic-Communication,Certificate+in+Strategic+Communication,Graduate Certificate in Strategic Communication
Graduate-Certificate-in-Studies,Certificate+in+Studies,Graduate Certificate in Studies
Graduate-Certificate-in-Tertiary-Teaching,Certificate+in+Tertiary+Teaching,Graduate Certificate in Tertiary Teaching
Graduate-Certificate-in-Translation-Studies,Certificate+in+Translation+Studies,Graduate Certificate in Translation Studies
Graduate-Certificate-in-Urban-Design,Certificate+in+Urban+Design,Graduate Certificate in Urban Design
Graduate-Diploma-in-Advanced-Social-Work,Diploma+in+Advanced+Social+Work,Graduate Diploma in Advanced Social Work
Graduate-Diploma-in-Anatomical-Sciences,Diploma+in+Anatomical+Sciences,Graduate Diploma in Anatomical Sciences
Graduate-Diploma-in-Asian-Studies,Diploma+in+Asian+Studies,Graduate Diploma in Asian Studies
Graduate-Diploma-in-Chinese-Business-Law,Diploma+in+Chinese+Business+Law,Graduate Diploma in Chinese Business Law
Graduate-Diploma-in-Clinical-Neuropsychology,Diploma+in+Clinical+Neuropsychology,Graduate Diploma in Clinical Neuropsychology
Graduate-Diploma-in-Clinical-Psychology,Diploma+in+Clinical+Psychology,Graduate Diploma in Clinical Psychology
Graduate-Diploma-in-Curriculum-Studies,Diploma+in+Curriculum+Studies,Graduate Diploma in Curriculum Studies
Graduate-Diploma-in-Dental-Public--Primary-Health,Diploma+in+Dental+Public+&amp;+Primary+Health,Graduate Diploma in Dental Public &amp; Primary Health
Graduate-Certificate-in-Finance,Certificate+in+Finance,Graduate Certificate in Finance
Graduate-Certificate-in-Entrepreneurship-and-Innovation,Certificate+in+Entrepreneurship+and+Innovation,Graduate Certificate in Entrepreneurship and Innovation
Graduate-Certificate-in-Emergency-Medicine-Research,Certificate+in+Emergency+Medicine+Research,Graduate Certificate in Emergency Medicine Research
Graduate-Certificate-in-Commerce,Certificate+in+Commerce,Graduate Certificate in Commerce
Zoology,Zoology,Zoology
Master-of-Agricultural-Science-Crop-and-Livestock-Farming-Systems,Master+of+Agricultural+Science:+Crop+and+Livestock+Farming+Systems, Master of Agricultural Science: Crop and Livestock Farming Systems
Master-of-Biological-Science-Conservation-Biology,Master+of+Biological+Science:+Conservation+Biology, Master of Biological Science: Conservation Biology
Master-of-Biological-Science-Ecology,Master+of+Biological+Science:+Ecology, Master of Biological Science: Ecology
Master-of-Biological-Science-Marine-Biology,Master+of+Biological+Science:+Marine+Biology, Master of Biological Science: Marine Biology
Master-of-Biomedical-Science-Biochemistry-and-Molecular-Biology,Master+of+Biomedical+Science:+Biochemistry+and+Molecular+Biology, Master of Biomedical Science: Biochemistry and Molecular Biology
Master-of-Biomedical-Science-Human-Biology,Master+of+Biomedical+Science:+Human+Biology, Master of Biomedical Science: Human Biology
Master-of-Biomedical-Science-Neuroscience,Master+of+Biomedical+Science:+Neuroscience, Master of Biomedical Science: Neuroscience
Master-of-Biomedical-Science-Physiology,Master+of+Biomedical+Science:+Physiology, Master of Biomedical Science: Physiology
Master-of-Biotechnology-Biochemistry-and-Molecular-Biology,Master+of+Biotechnology:+Biochemistry+and+Molecular+Biology, Master of Biotechnology: Biochemistry and Molecular Biology
Master-of-Biotechnology-Environmental-Biotechnology,Master+of+Biotechnology:+Environmental+Biotechnology, Master of Biotechnology: Environmental Biotechnology
Master-of-Exercise-Science-Sport-and-Exercise-Science,Master+of+Exercise+Science:+Sport+and+Exercise+Science, Master of Exercise Science: Sport and Exercise Science
Master-of-Exercise-Science-Sport-and-Recreation-Management,Master+of+Exercise+Science:+Sport+and+Recreation+Management, Master of Exercise Science: Sport and Recreation Management
Master-of-Health-Science-Biochemistry-and-Molecular-Biology,Master+of+Health+Science:+Biochemistry+and+Molecular+Biology, Master of Health Science: Biochemistry and Molecular Biology
Sport-Science,Science,Sport Science
Master-of-Health-Science-Exercise-and-Health,Master+of+Health+Science:+Exercise+and+Health, Master of Health Science: Exercise and Health
Master-of-Physics-Computational-Physics,Master+of+Physics:+Computational+Physics, Master of Physics: Computational Physics
