Bachelor-of-Philosophy,of+Philosophy+1,Bachelor of Philosophy 1
Master-of-Physics-Experimental-Physics,Master+of+Physics:+Experimental+Physics, Master of Physics: Experimental Physics
Doctor-of-Clinical-Dentistry,of+Clinical+Dentistry,Doctor of Clinical Dentistry
Doctor-of-Clinical-Podiatry,of+Clinical+Podiatry,Doctor of Clinical Podiatry
Doctor-of-Dental-Medicine,of+Dental+Medicine,Doctor of Dental Medicine
Doctor-of-Medicine,of+Medicine,Doctor of Medicine
Doctor-of-Podiatric-Medicine,of+Podiatric+Medicine,Doctor of Podiatric Medicine
Graduate-Certificate-in-Adult-Sleep-Science,Certificate+in+Adult+Sleep+Science,Graduate Certificate in Adult Sleep Science
Graduate-Certificate-in-Architectural-Conservation,Certificate+in+Architectural+Conservation,Graduate Certificate in Architectural Conservation
Graduate-Certificate-in-Asian-Studies,Certificate+in+Asian+Studies,Graduate Certificate in Asian Studies
Graduate-Certificate-in-Autism-Diagnosis,Certificate+in+Autism+Diagnosis,Graduate Certificate in Autism Diagnosis
Graduate-Certificate-in-Business,Certificate+in+Business,Graduate Certificate in Business
Graduate-Certificate-in-Business-Information-and-Logistics-Management,Certificate+in+Business+Information+and+Logistics+Management,Graduate Certificate in Business Information and Logistics Management
Graduate-Certificate-in-Child-Protection-Practice,Certificate+in+Child+Protection+Practice,Graduate Certificate in Child Protection Practice
Master-of-Health-Science-Physiology,Master+of+Health+Science:+Physiology, Master of Health Science: Physiology
Master-of-Work-Health-and-Safety,of+Work+Health+and+Safety,Master of Work Health and Safety
PG-By-Course,By+Course,PG By Course
Lawyer,Lawyer,Lawyer
Bachelor-of-Science,of+Science,Bachelor of Science
Master-of-Science-Communication-and-Education---Coursework,of+Science+Communication+and+Education+-+Coursework,Master of Science Communication and Education - Coursework
Master-of-Social-Research-Methods,of+Social+Research+Methods,Master of Social Research Methods
Master-of-Social-Work,of+Social+Work,Master of Social Work
Master-of-Strategic-Communication,of+Strategic+Communication,Master of Strategic Communication
Master-of-Studies,of+Studies,Master of Studies
Master-of-Taxation-Law,of+Taxation+Law,Master of Taxation Law
Master-of-Teaching--Coursework-Early-Childhood,of+Teaching+-+Coursework+(Early+Childhood),Master of Teaching - Coursework (Early Childhood)
Master-of-Teaching--Coursework-Primary,of+Teaching+-+Coursework+(Primary),Master of Teaching - Coursework (Primary)
Master-of-Teaching--Coursework-Secondary,of+Teaching+-+Coursework+(Secondary),Master of Teaching - Coursework (Secondary)
Master-of-Translation-Studies,of+Translation+Studies,Master of Translation Studies
Master-of-Urban-Design---Coursework-and-Dissertation,of+Urban+Design+-+Coursework+and+Dissertation,Master of Urban Design - Coursework and Dissertation
Master-of-Mining-and-Energy-Law---Coursework,of+Mining+and+Energy+Law+-+Coursework,Master of Mining and Energy Law - Coursework
Master-of-Marketing---Coursework,of+Marketing+-+Coursework,Master of Marketing - Coursework
Master-of-Laws---Coursework,of+Laws+-+Coursework,Master of Laws - Coursework
Master-of-Environmental-Science,of+Environmental+Science,Master of Environmental Science
Master-of-Environmental-Science-Environmental-Management,of+Environmental+Science:+Environmental+Management,Master of Environmental Science: Environmental Management
Master-of-Environmental-Science-Geographic-Information-Science-and-Environmental-Management,of+Environmental+Science:+Geographic+Information+Science+and+Environmental+Management+,Master of Environmental Science: Geographic Information Science and Environmental Management 
Master-of-Environmental-Science-Land-and-Water-Management,of+Environmental+Science:+Land+and+Water+Management,Master of Environmental Science: Land and Water Management
Master-of-Environmental-Science-Marine-and-Coastal-Management,of+Environmental+Science:+Marine+and+Coastal+Management,Master of Environmental Science: Marine and Coastal Management
Master-of-Exercise-Science,of+Exercise+Science,Master of Exercise Science
Master-of-Forensic-Anthropology,of+Forensic+Anthropology,Master of Forensic Anthropology
Master-of-Geographic-Information-Science,of+Geographic+Information+Science,Master of Geographic Information Science
Master-of-Geoscience,of+Geoscience,Master of Geoscience
Master-of-Health-Professions-Education---Coursework-and-Dissertation,of+Health+Professions+Education+-+Coursework+and+Dissertation,Master of Health Professions Education - Coursework and Dissertation
Master-of-Health-Science---Coursework,of+Health+Science+-+Coursework,Master of Health Science - Coursework
Master-of-Health-Science-Human-Biology,of+Health+Science:+Human+Biology,Master of Health Science: Human Biology
Master-of-Health-Science-Neuroscience,of+Health+Science:+Neuroscience,Master of Health Science: Neuroscience
Master-of-Heritage-Studies---Coursework-and-Dissertation,of+Heritage+Studies+-+Coursework+and+Dissertation,Master of Heritage Studies - Coursework and Dissertation
Master-of-Educational-Leadership---Coursework,of+Educational+Leadership+-+Coursework,Master of Educational Leadership - Coursework
Master-of-Human-Biology---Coursework-and-Dissertation,of+Human+Biology+-+Coursework+and+Dissertation,Master of Human Biology - Coursework and Dissertation
Master-of-Hydrogeology,of+Hydrogeology,Master of Hydrogeology
Master-of-Industrial-and-Organisational-Psychology---Coursework,of+Industrial+and+Organisational+Psychology+-+Coursework,Master of Industrial and Organisational Psychology - Coursework
Master-of-Infectious-Diseases--Coursework--Dissertation,of+Infectious+Diseases+-+Coursework+&amp;+Dissertation,Master of Infectious Diseases - Coursework &amp; Dissertation
Master-of-Infectious-Diseases-and-Doctor-of-Philosophy---Coursework,of+Infectious+Diseases+and+Doctor+of+Philosophy+-+Coursework,Master of Infectious Diseases and Doctor of Philosophy - Coursework
Master-of-Information-Technology---Coursework,of+Information+Technology+-+Coursework,Master of Information Technology - Coursework
Master-of-International-Commercial-Law---Coursework,of+International+Commercial+Law+-+Coursework,Master of International Commercial Law - Coursework
Master-of-International-Development,of+International+Development,Master of International Development
Master-of-International-Development-Development-Policy-and-Practice,of+International+Development:+Development+Policy+and+Practice,Master of International Development: Development Policy and Practice
Master-of-International-Development-Economics-of-Development,of+International+Development:+Economics+of+Development,Master of International Development: Economics of Development
Master-of-International-Development-Politics-and-Development,of+International+Development:+Politics+and+Development,Master of International Development: Politics and Development
Master-of-International-Law---Coursework,of+International+Law+-+Coursework,Master of International Law - Coursework
Master-of-International-Relations,of+International+Relations,Master of International Relations
Master-of-Laboratory-Medicine---Coursework-and-Dissertation,of+Laboratory+Medicine+-+Coursework+and+Dissertation,Master of Laboratory Medicine - Coursework and Dissertation
Master-of-Landscape-Architecture---Coursework,of+Landscape+Architecture+-+Coursework,Master of Landscape Architecture - Coursework
Master-of-Human-Resources-and-Employment-Relations---Coursework,of+Human+Resources+and+Employment+Relations+-+Coursework,Master of Human Resources and Employment Relations - Coursework
Master-of-Urban-and-Regional-Planning,of+Urban+and+Regional+Planning,Master of Urban and Regional Planning
Graduate-Diploma-in-Educational-Leadership,Diploma+in+Educational+Leadership,Graduate Diploma in Educational Leadership
Graduate-Diploma-in-Dental-Sleep-Medicine,Diploma+in+Dental+Sleep+Medicine,Graduate Diploma in Dental Sleep Medicine
Indonesian,Indonesian,Indonesian
Master-of-Biological-Arts---Coursework-and-Dissertation,of+Biological+Arts+-+Coursework+and+Dissertation,Master of Biological Arts - Coursework and Dissertation
Master-of-Biological-Science,of+Biological+Science,Master of Biological Science
Master-of-Biological-Science-Zoology,of+Biological+Science:+Zoology,Master of Biological Science: Zoology
Master-of-Biomedical-Science,of+Biomedical+Science,Master of Biomedical Science
Master-of-Biotechnology,of+Biotechnology,Master of Biotechnology
Master-of-Biotechnology-Genetics-and-Breeding,of+Biotechnology:+Genetics+and+Breeding,Master of Biotechnology: Genetics and Breeding
Master-of-Biotechnology-Genetics-and-Genomics,of+Biotechnology:+Genetics+and+Genomics,Master of Biotechnology: Genetics and Genomics
Master-of-Business-Administration---Coursework,of+Business+Administration+-+Coursework,Master of Business Administration - Coursework
Master-of-Business-Administration---Coursework-and-Dissertation,of+Business+Administration+-+Coursework+and+Dissertation,Master of Business Administration - Coursework and Dissertation
Master-of-Business-Information-and-Logistics-Management---Coursework,of+Business+Information+and+Logistics+Management+-+Coursework,Master of Business Information and Logistics Management - Coursework
Master-of-Business-Psychology---Coursework,of+Business+Psychology+-+Coursework,Master of Business Psychology - Coursework
Master-of-Clinical-Audiology,of+Clinical+Audiology,Master of Clinical Audiology
Master-of-Clinical-Exercise-Physiology---Coursework,of+Clinical+Exercise+Physiology+-+Coursework,Master of Clinical Exercise Physiology - Coursework
Master-of-Clinical-Pathology,of+Clinical+Pathology,Master of Clinical Pathology
Master-of-Commerce---Coursework,of+Commerce+-+Coursework,Master of Commerce - Coursework
Master-of-Commercial-and-Resources-Law,of+Commercial+and+Resources+Law,Master of Commercial and Resources Law
Master-of-Curriculum-Studies---Coursework,of+Curriculum+Studies+-+Coursework,Master of Curriculum Studies - Coursework
Master-of-Data-Science,of+Data+Science,Master of Data Science
Master-of-Dental-Public--Primary-Health,of+Dental+Public+&amp;+Primary+Health,Master of Dental Public &amp; Primary Health
Master-of-Economics---Coursework,of+Economics+-+Coursework,Master of Economics - Coursework
Higher-Degree-by-Research-Preliminary---Science,Degree+by+Research+Preliminary+-+Science,Higher Degree by Research Preliminary - Science
Higher-Degree-by-Research-Preliminary---Science,Degree+by+Research+Preliminary+-+Science,Higher Degree by Research Preliminary - Science
Higher-Degree-by-Research-Preliminary---Medicine-and-Health-Science,Degree+by+Research+Preliminary+-+Medicine+and+Health+Science,Higher Degree by Research Preliminary - Medicine and Health Science
Higher-Degree-by-Research-Preliminary---Law,Degree+by+Research+Preliminary+-+Law,Higher Degree by Research Preliminary - Law
Graduate-Diploma-in-Exercise-Rehabilitation,Diploma+in+Exercise+Rehabilitation,Graduate Diploma in Exercise Rehabilitation
Graduate-Diploma-in-Forensic-Anthropology,Diploma+in+Forensic+Anthropology,Graduate Diploma in Forensic Anthropology
Graduate-Diploma-in-Forensic-Odontology,Diploma+in+Forensic+Odontology,Graduate Diploma in Forensic Odontology
Graduate-Diploma-in-Health-Professions-Education,Diploma+in+Health+Professions+Education,Graduate Diploma in Health Professions Education
Graduate-Diploma-in-Heritage-Studies,Diploma+in+Heritage+Studies,Graduate Diploma in Heritage Studies
Graduate-Diploma-in-Human-Biology,Diploma+in+Human+Biology,Graduate Diploma in Human Biology
Graduate-Diploma-in-Infectious-Diseases,Diploma+in+Infectious+Diseases,Graduate Diploma in Infectious Diseases
Graduate-Diploma-in-International-Commercial-Law,Diploma+in+International+Commercial+Law,Graduate Diploma in International Commercial Law
Graduate-Diploma-in-International-Law,Diploma+in+International+Law,Graduate Diploma in International Law
Graduate-Diploma-in-International-Relations,Diploma+in+International+Relations,Graduate Diploma in International Relations
Graduate-Diploma-in-Law,Diploma+in+Law,Graduate Diploma in Law
Graduate-Diploma-in-Legal-Practice,Diploma+in+Legal+Practice,Graduate Diploma in Legal Practice
Graduate-Diploma-in-Neonatology,Diploma+in+Neonatology,Graduate Diploma in Neonatology
Master-of-Ecotourism---Coursework-and-Dissertation,of+Ecotourism+-+Coursework+and+Dissertation,Master of Ecotourism - Coursework and Dissertation
Graduate-Diploma-in-Professional-Education,Diploma+in+Professional+Education,Graduate Diploma in Professional Education
Graduate-Diploma-in-Science-Communication,Diploma+in+Science+Communication,Graduate Diploma in Science Communication
Graduate-Diploma-in-Sleep-Science,Diploma+in+Sleep+Science,Graduate Diploma in Sleep Science
Graduate-Diploma-in-Social-Research-Methods,Diploma+in+Social+Research+Methods,Graduate Diploma in Social Research Methods
Graduate-Diploma-in-Sport-and-Recreation-Management,Diploma+in+Sport+and+Recreation+Management,Graduate Diploma in Sport and Recreation Management
Graduate-Diploma-in-Strategic-Communication,Diploma+in+Strategic+Communication,Graduate Diploma in Strategic Communication
Graduate-Diploma-in-Taxation-Law,Diploma+in+Taxation+Law,Graduate Diploma in Taxation Law
Graduate-Diploma-in-Translation-Studies,Diploma+in+Translation+Studies,Graduate Diploma in Translation Studies
Graduate-Diploma-in-Urban-Design,Diploma+in+Urban+Design,Graduate Diploma in Urban Design
Graduate-Diploma-in-Work-Health-and-Safety,Diploma+in+Work+Health+and+Safety,Graduate Diploma in Work Health and Safety
Higher-Degree-by-Research-Preliminary---Arts,Degree+by+Research+Preliminary+-+Arts,Higher Degree by Research Preliminary - Arts
Higher-Degree-by-Research-Preliminary---Business,Degree+by+Research+Preliminary+-+Business,Higher Degree by Research Preliminary - Business
Higher-Degree-by-Research-Preliminary---Dentistry,Degree+by+Research+Preliminary+-+Dentistry,Higher Degree by Research Preliminary - Dentistry
Graduate-Diploma-in-School-Leadership,Diploma+in+School+Leadership,Graduate Diploma in School Leadership
Graduate-Diploma-in-Educational-Studies,Diploma+in+Educational+Studies,Graduate Diploma in Educational Studies
Master-of-Education---Coursework,of+Education+-+Coursework,Master of Education - Coursework
Master-of-Engineering-in-Oil-and-Gas---Coursework,of+Engineering+in+Oil+and+Gas+-+Coursework,Master of Engineering in Oil and Gas - Coursework
Master-of-Music-International-Pedagogy---Coursework,of+Music+International+Pedagogy+-+Coursework,Master of Music International Pedagogy - Coursework
Master-of-Neonatology---Coursework,of+Neonatology+-+Coursework,Master of Neonatology - Coursework
Master-of-Ore-Deposit-Geology,of+Ore+Deposit+Geology,Master of Ore Deposit Geology
Master-of-Petroleum-Geoscience,of+Petroleum+Geoscience,Master of Petroleum Geoscience
Master-of-Pharmacy---Coursework,of+Pharmacy+-+Coursework,Master of Pharmacy - Coursework
Master-of-Physics---Coursework-and-Dissertation,of+Physics+-+Coursework+and+Dissertation,Master of Physics - Coursework and Dissertation
Master-of-Physics-Astronomy-and-Astrophysics,of+Physics:+Astronomy+and+Astrophysics,Master of Physics: Astronomy and Astrophysics
Master-of-Physics-Medical-Physics,of+Physics:+Medical+Physics,Master of Physics: Medical Physics
Master-of-Physics-Theoretical-Physics,of+Physics:+Theoretical+Physics,Master of Physics: Theoretical Physics
Master-of-Professional-Accounting---Coursework,of+Professional+Accounting+-+Coursework,Master of Professional Accounting - Coursework
Master-of-Professional-Engineering,of+Professional+Engineering,Master of Professional Engineering
Master-of-Professional-Engineering-Preliminary,of+Professional+Engineering+Preliminary,Master of Professional Engineering Preliminary
Master-of-Public-Health,of+Public+Health,Master of Public Health
Master-of-Public-Health---Coursework,of+Public+Health+-+Coursework,Master of Public Health - Coursework
Master-of-Public-Health---Coursework-and-Dissertation,of+Public+Health+-+Coursework+and+Dissertation,Master of Public Health - Coursework and Dissertation
Master-of-Public-Policy,of+Public+Policy,Master of Public Policy
Master-of-School-Leadership---Coursework,of+School+Leadership+-+Coursework,Master of School Leadership - Coursework
Master-of-Science-Communication,of+Science+Communication,Master of Science Communication
Neuroscience,Neuroscience,Neuroscience
Pathology-and-Laboratory-Medicine,and+Laboratory+Medicine,Pathology and Laboratory Medicine
Pharmacology,Pharmacology,Pharmacology
Philosophy,Philosophy,Philosophy
Physics,Physics,Physics
Physiology,Physiology,Physiology
Political-Science-and-International-Relations,Science+and+International+Relations,Political Science and International Relations
Population-Health,Health,Population Health
Professional-Economics,Economics,Professional Economics
Psychological-Science,Science,Psychological Science
Psychology-double-major,(double+major),Psychology (double major)
Psychology-in-Society,in+Society,Psychology in Society
Human-Resource-Management,Resource+Management,Human Resource Management
Human-Geography-and-Planning,Geography+and+Planning,Human Geography and Planning
History-of-Art,of+Art,History of Art
Accounting,Accounting,Accounting
Agricultural-Science,Science,Agricultural Science
Anatomy-and-Human-Biology,and+Human+Biology,Anatomy and Human Biology
Anthropology-and-Sociology,and+Sociology,Anthropology and Sociology
Archaeology,Archaeology,Archaeology
Architecture,Architecture,Architecture
Asian-Studies,Studies,Asian Studies
Biochemistry-and-Molecular-Biology,and+Molecular+Biology,Biochemistry and Molecular Biology
Botany,Botany,Botany
Business-Law,Law,Business Law
Chemistry,Chemistry,Chemistry
Chinese,Chinese,Chinese
Classics-and-Ancient-History,and+Ancient+History,Classics and Ancient History
Communication-and-Media-Studies,and+Media+Studies,Communication and Media Studies
Quantitative-Methods,Methods,Quantitative Methods
Computer-Science,Science,Computer Science
Data-Science,Science,Data Science
Economics,Economics,Economics
Engineering-Science,Science,Engineering Science
English-and-Cultural-Studies,and+Cultural+Studies,English and Cultural Studies
Environmental-Science,Science,Environmental Science
Exercise-and-Health,and+Health,Exercise and Health
Finance,Finance,Finance
Fine-Arts,Arts,Fine Arts
French-Studies,Studies,French Studies
Genetics,Genetics,Genetics
Geographical-Sciences,Sciences,Geographical Sciences
Geology,Geology,Geology
German-Studies,Studies,German Studies
History,History,History
Conservation-Biology,Biology,Conservation Biology
Graduate-Diploma-in-Education,Diploma+in+Education,Graduate Diploma in Education
Science-Communication,Communication,Science Communication
Work-and-Employment-Relations,and+Employment+Relations,Work and Employment Relations
Graduate-Certificate-in-Forensic-Anthropology,Certificate+in+Forensic+Anthropology,Graduate Certificate in Forensic Anthropology
Graduate-Certificate-in-Health-Professions-Education,Certificate+in+Health+Professions+Education,Graduate Certificate in Health Professions Education
Graduate-Certificate-in-Heritage-Studies,Certificate+in+Heritage+Studies,Graduate Certificate in Heritage Studies
Graduate-Certificate-in-Human-Resources-and-Employment-Relations,Certificate+in+Human+Resources+and+Employment+Relations,Graduate Certificate in Human Resources and Employment Relations
Graduate-Certificate-in-International-Relations,Certificate+in+International+Relations,Graduate Certificate in International Relations
Graduate-Certificate-in-Leadership,Certificate+in+Leadership,Graduate Certificate in Leadership
Graduate-Certificate-in-Marketing,Certificate+in+Marketing,Graduate Certificate in Marketing
Integrated-Design,Design,Integrated Design
Italian-Studies,Studies,Italian Studies
Japanese,Japanese,Japanese
Korean-Studies,Studies,Korean Studies
Landscape-Architecture,Architecture,Landscape Architecture
Law-and-Society,and+Society,Law and Society
Linguistics,Linguistics,Linguistics
Management,Management,Management
Marine-Science,Science,Marine Science
Marketing,Marketing,Marketing
Mathematics-and-Statistics,and+Statistics,Mathematics and Statistics
Medical-Sciences,Sciences,Medical Sciences
Microbiology-and-Immunology,and+Immunology,Microbiology and Immunology
Music-Specialist-Studies,Specialist+Studies,Music Specialist Studies
Music-Studies,Studies,Music Studies
Natural-Resource-Management,Resource+Management,Natural Resource Management
Aboriginal-Health-and-Wellbeing,Health+and+Wellbeing,Aboriginal Health and Wellbeing
Juris-Doctor,Doctor,Juris Doctor
Master-of-Agricultural-Science,of+Agricultural+Science,Master of Agricultural Science
Master-of-Agricultural-Science-Agricultural-Economics,of+Agricultural+Science:+Agricultural+Economics,Master of Agricultural Science: Agricultural Economics
Master-of-Agricultural-Science-Genetics-and-Breeding,of+Agricultural+Science:+Genetics+and+Breeding,Master of Agricultural Science: Genetics and Breeding
Master-of-Agricultural-Science-Soil-Science-and-Plant-Nutrition,of+Agricultural+Science:+Soil+Science+and+Plant+Nutrition,Master of Agricultural Science: Soil Science and Plant Nutrition
Master-of-Anatomical-Sciences---Coursework-and-Dissertation,of+Anatomical+Sciences+-+Coursework+and+Dissertation,Master of Anatomical Sciences - Coursework and Dissertation
Master-of-Applied-Finance---Coursework,of+Applied+Finance+-+Coursework,Master of Applied Finance - Coursework
Master-of-Architecture---Coursework,of+Architecture+-+Coursework,Master of Architecture - Coursework
Master-of-Asian-Studies,of+Asian+Studies,Master of Asian Studies
Graduate-Certificate-in-Mental-Health-Practice,Certificate+in+Mental+Health+Practice,Graduate Certificate in Mental Health Practice
Graduate-Certificate-in-Paediatric-Respiratory-Science,Certificate+in+Paediatric+Respiratory+Science,Graduate Certificate in Paediatric Respiratory Science
Graduate-Certificate-in-Paediatric-Sleep-Science,Certificate+in+Paediatric+Sleep+Science,Graduate Certificate in Paediatric Sleep Science
Graduate-Certificate-in-Population-Health-Studies,Certificate+in+Population+Health+Studies,Graduate Certificate in Population Health Studies
Graduate-Certificate-in-Rural-and-Remote-Medicine,Certificate+in+Rural+and+Remote+Medicine,Graduate Certificate in Rural and Remote Medicine
Graduate-Certificate-in-Scientific-and-High-Performance-Computing,Certificate+in+Scientific+and+High+Performance+Computing,Graduate Certificate in Scientific and High Performance Computing
Graduate-Certificate-in-Social-Impact,Certificate+in+Social+Impact,Graduate Certificate in Social Impact
Graduate-Certificate-in-Social-Policy-Practice,Certificate+in+Social+Policy+Practice,Graduate Certificate in Social Policy Practice
Graduate-Certificate-in-Social-Research-Methods,Certificate+in+Social+Research+Methods,Graduate Certificate in Social Research Methods
Graduate-Certificate-in-Strategic-Communication,Certificate+in+Strategic+Communication,Graduate Certificate in Strategic Communication
Graduate-Certificate-in-Studies,Certificate+in+Studies,Graduate Certificate in Studies
Graduate-Certificate-in-Tertiary-Teaching,Certificate+in+Tertiary+Teaching,Graduate Certificate in Tertiary Teaching
Graduate-Certificate-in-Translation-Studies,Certificate+in+Translation+Studies,Graduate Certificate in Translation Studies
Graduate-Certificate-in-Urban-Design,Certificate+in+Urban+Design,Graduate Certificate in Urban Design
Graduate-Diploma-in-Advanced-Social-Work,Diploma+in+Advanced+Social+Work,Graduate Diploma in Advanced Social Work
Graduate-Diploma-in-Anatomical-Sciences,Diploma+in+Anatomical+Sciences,Graduate Diploma in Anatomical Sciences
Graduate-Diploma-in-Asian-Studies,Diploma+in+Asian+Studies,Graduate Diploma in Asian Studies
Graduate-Diploma-in-Chinese-Business-Law,Diploma+in+Chinese+Business+Law,Graduate Diploma in Chinese Business Law
Graduate-Diploma-in-Clinical-Neuropsychology,Diploma+in+Clinical+Neuropsychology,Graduate Diploma in Clinical Neuropsychology
Graduate-Diploma-in-Clinical-Psychology,Diploma+in+Clinical+Psychology,Graduate Diploma in Clinical Psychology
Graduate-Diploma-in-Curriculum-Studies,Diploma+in+Curriculum+Studies,Graduate Diploma in Curriculum Studies
Graduate-Diploma-in-Dental-Public--Primary-Health,Diploma+in+Dental+Public+&amp;+Primary+Health,Graduate Diploma in Dental Public &amp; Primary Health
Graduate-Certificate-in-Finance,Certificate+in+Finance,Graduate Certificate in Finance
Graduate-Certificate-in-Entrepreneurship-and-Innovation,Certificate+in+Entrepreneurship+and+Innovation,Graduate Certificate in Entrepreneurship and Innovation
Graduate-Certificate-in-Emergency-Medicine-Research,Certificate+in+Emergency+Medicine+Research,Graduate Certificate in Emergency Medicine Research
Graduate-Certificate-in-Commerce,Certificate+in+Commerce,Graduate Certificate in Commerce
Zoology,Zoology,Zoology
Master-of-Agricultural-Science-Crop-and-Livestock-Farming-Systems,Master+of+Agricultural+Science:+Crop+and+Livestock+Farming+Systems, Master of Agricultural Science: Crop and Livestock Farming Systems
Master-of-Biological-Science-Conservation-Biology,Master+of+Biological+Science:+Conservation+Biology, Master of Biological Science: Conservation Biology
Master-of-Biological-Science-Ecology,Master+of+Biological+Science:+Ecology, Master of Biological Science: Ecology
Master-of-Biological-Science-Marine-Biology,Master+of+Biological+Science:+Marine+Biology, Master of Biological Science: Marine Biology
Master-of-Biomedical-Science-Biochemistry-and-Molecular-Biology,Master+of+Biomedical+Science:+Biochemistry+and+Molecular+Biology, Master of Biomedical Science: Biochemistry and Molecular Biology
Master-of-Biomedical-Science-Human-Biology,Master+of+Biomedical+Science:+Human+Biology, Master of Biomedical Science: Human Biology
Master-of-Biomedical-Science-Neuroscience,Master+of+Biomedical+Science:+Neuroscience, Master of Biomedical Science: Neuroscience
Master-of-Biomedical-Science-Physiology,Master+of+Biomedical+Science:+Physiology, Master of Biomedical Science: Physiology
Master-of-Biotechnology-Biochemistry-and-Molecular-Biology,Master+of+Biotechnology:+Biochemistry+and+Molecular+Biology, Master of Biotechnology: Biochemistry and Molecular Biology
Master-of-Biotechnology-Environmental-Biotechnology,Master+of+Biotechnology:+Environmental+Biotechnology, Master of Biotechnology: Environmental Biotechnology
Master-of-Exercise-Science-Sport-and-Exercise-Science,Master+of+Exercise+Science:+Sport+and+Exercise+Science, Master of Exercise Science: Sport and Exercise Science
Master-of-Exercise-Science-Sport-and-Recreation-Management,Master+of+Exercise+Science:+Sport+and+Recreation+Management, Master of Exercise Science: Sport and Recreation Management
Master-of-Health-Science-Biochemistry-and-Molecular-Biology,Master+of+Health+Science:+Biochemistry+and+Molecular+Biology, Master of Health Science: Biochemistry and Molecular Biology
Sport-Science,Science,Sport Science
Master-of-Health-Science-Exercise-and-Health,Master+of+Health+Science:+Exercise+and+Health, Master of Health Science: Exercise and Health
Master-of-Physics-Computational-Physics,Master+of+Physics:+Computational+Physics, Master of Physics: Computational Physics
